timestamp,node_id,pitch,roll,pitch_dev,roll_dev,sound,temp,humidity,alarm,rssi,power_source,link_mode,battery_pct,battery_sensing_ok,risk
2026-09-28T03:41:01.823997,NODE-01,1.0,0.5,0.1,0.1,4.0,,,False,,,USB-Serial,-1,False,0
2026-09-28T10:31:08.440135,NODE-01,1.0,0.5,0.02,0.01,4.0,,,False,,,USB-Serial,-1,False,0
2026-09-28T10:31:09.496343,NODE-01,1.05,0.5,0.02,0.01,4.0,,,False,,,USB-Serial,-1,False,0
2026-09-28T10:31:10.547449,NODE-01,1.1,0.5,0.02,0.01,4.0,,,False,,,USB-Serial,-1,False,0
2026-09-28T10:31:11.608756,NODE-01,1.0,0.5,0.02,0.01,4.0,,,False,,,USB-Serial,-1,False,0
2026-09-28T10:31:12.643055,NODE-01,1.05,0.5,0.02,0.01,4.0,,,False,,,USB-Serial,-1,False,0
2026-09-28T10:31:13.714578,NODE-01,1.1,0.5,0.02,0.01,4.0,,,False,,,USB-Serial,-1,False,0
2026-09-28T10:31:14.742056,NODE-01,1.0,0.5,0.02,0.01,4.0,,,False,,,USB-Serial,-1,False,0
2026-09-28T10:31:15.770236,NODE-01,1.05,0.5,0.02,0.01,4.0,,,False,,,USB-Serial,-1,False,0
2026-09-28T10:31:16.801802,NODE-01,1.1,0.5,0.02,0.01,4.0,,,False,,,USB-Serial,-1,False,0
2026-09-28T10:31:17.831105,NODE-01,1.0,0.5,0.02,0.01,4.0,,,False,,,USB-Serial,-1,False,0
2026-09-28T10:31:18.858716,NODE-01,1.05,0.5,0.02,0.01,4.0,,,False,,,USB-Serial,-1,False,0
2026-09-28T10:31:19.890759,NODE-01,1.1,0.5,0.02,0.01,4.0,,,False,,,USB-Serial,-1,False,0
2026-09-28T10:31:20.921441,NODE-01,1.0,0.5,0.02,0.01,4.0,,,False,,,USB-Serial,-1,False,0
2026-09-28T10:31:21.950775,NODE-01,1.05,0.5,0.02,0.01,4.0,,,False,,,USB-Serial,-1,False,0
2026-09-28T10:31:23.005675,NODE-01,1.1,0.5,0.02,0.01,4.0,,,False,,,USB-Serial,-1,False,0
2026-09-28T10:31:24.060643,NODE-01,1.0,0.5,0.02,0.01,4.0,,,False,,,USB-Serial,-1,False,0
2026-09-28T10:31:25.095324,NODE-01,1.05,0.5,0.02,0.01,4.0,,,False,,,USB-Serial,-1,False,0
2026-09-28T10:31:26.140754,NODE-01,1.1,0.5,0.02,0.01,4.0,,,False,,,USB-Serial,-1,False,0
2026-09-28T10:31:27.212915,NODE-01,1.0,0.5,0.02,0.01,4.0,,,False,,,USB-Serial,-1,False,0
2026-09-28T10:31:28.543413,NODE-01,1.05,0.5,0.02,0.01,4.0,,,False,,,USB-Serial,-1,False,0
2026-09-28T10:31:29.826549,NODE-01,1.1,0.5,0.02,0.01,4.0,,,False,,,USB-Serial,-1,False,0
2026-09-28T10:31:31.056198,NODE-01,1.0,0.5,0.02,0.01,4.0,,,False,,,USB-Serial,-1,False,0
2026-09-28T10:31:32.346003,NODE-01,1.05,0.5,0.02,0.01,4.0,,,False,,,USB-Serial,-1,False,0
2026-09-28T10:31:33.653575,NODE-01,1.1,0.5,0.02,0.01,4.0,,,False,,,USB-Serial,-1,False,0
2026-09-28T10:31:35.063284,NODE-01,1.0,0.5,0.02,0.01,4.0,,,False,,,USB-Serial,-1,False,0
2026-09-28T10:31:36.294286,NODE-01,1.05,0.5,0.02,0.01,4.0,,,False,,,USB-Serial,-1,False,0
2026-09-28T10:31:37.555285,NODE-01,1.1,0.5,0.02,0.01,4.0,,,False,,,USB-Serial,-1,False,0
2026-09-28T10:31:38.753632,NODE-01,1.0,0.5,0.02,0.01,4.0,,,False,,,USB-Serial,-1,False,0
2026-09-28T10:31:40.104992,NODE-01,1.05,0.5,0.02,0.01,4.0,,,False,,,USB-Serial,-1,False,0
2026-09-28T10:31:41.392116,NODE-01,1.1,0.5,0.02,0.01,4.0,,,False,,,USB-Serial,-1,False,0
2026-09-28T10:31:42.587204,NODE-01,1.0,0.5,0.02,0.01,4.0,,,False,,,USB-Serial,-1,False,0
2026-09-28T10:33:14.524624,NODE-01,1.0,0.5,0.02,0.01,4.0,,,False,,,USB-Serial,-1,False,0
2026-09-28T10:33:15.552202,NODE-01,1.0,0.5,0.02,0.01,4.0,,,False,,,USB-Serial,-1,False,0
2026-09-28T10:33:16.578244,NODE-01,1.0,0.5,0.02,0.01,4.0,,,False,,,USB-Serial,-1,False,0
2026-09-28T10:33:17.604535,NODE-01,1.0,0.5,0.02,0.01,4.0,,,False,,,USB-Serial,-1,False,0
2026-09-28T10:33:18.632053,NODE-01,1.0,0.5,0.02,0.01,4.0,,,False,,,USB-Serial,-1,False,0
2026-09-28T10:33:19.662889,NODE-01,1.0,0.5,0.02,0.01,4.0,,,False,,,USB-Serial,-1,False,0
2026-09-28T10:33:20.688674,NODE-01,1.0,0.5,0.02,0.01,4.0,,,False,,,USB-Serial,-1,False,0
2026-09-28T10:33:21.715799,NODE-01,1.0,0.5,0.02,0.01,4.0,,,False,,,USB-Serial,-1,False,0
2026-09-28T10:33:22.809840,NODE-01,1.0,0.5,0.02,0.01,4.0,,,False,,,USB-Serial,-1,False,0
2026-09-28T10:33:24.042581,NODE-01,1.0,0.5,0.02,0.01,4.0,,,False,,,USB-Serial,-1,False,0
2026-09-28T10:33:25.228804,NODE-01,1.0,0.5,0.02,0.01,4.0,,,False,,,USB-Serial,-1,False,0
2026-09-28T10:33:26.432539,NODE-01,1.0,0.5,0.02,0.01,4.0,,,False,,,USB-Serial,-1,False,0
2026-09-28T10:33:27.622609,NODE-01,1.0,0.5,0.02,0.01,4.0,,,False,,,USB-Serial,-1,False,0
2026-09-28T10:33:28.813644,NODE-01,1.0,0.5,0.02,0.01,4.0,,,False,,,USB-Serial,-1,False,0
2026-09-28T10:33:30.056426,NODE-01,1.0,0.5,0.02,0.01,4.0,,,False,,,USB-Serial,-1,False,0
2026-09-28T10:33:31.277185,NODE-01,1.0,0.5,0.02,0.01,4.0,,,False,,,USB-Serial,-1,False,0
2026-09-28T10:33:32.463672,NODE-01,1.0,0.5,0.02,0.01,4.0,,,False,,,USB-Serial,-1,False,0
2026-09-28T10:33:33.655318,NODE-01,1.0,0.5,0.02,0.01,4.0,,,False,,,USB-Serial,-1,False,0
2026-09-28T10:33:34.870606,NODE-01,1.0,0.5,0.02,0.01,4.0,,,False,,,USB-Serial,-1,False,0
2026-09-28T10:33:36.079094,NODE-01,1.0,0.5,0.02,0.01,4.0,,,False,,,USB-Serial,-1,False,0
2026-09-28T10:33:37.274424,NODE-01,1.0,0.5,0.02,0.01,4.0,,,False,,,USB-Serial,-1,False,0
2026-09-28T10:33:38.464643,NODE-01,1.0,0.5,0.02,0.01,4.0,,,False,,,USB-Serial,-1,False,0
2026-09-28T10:33:39.664404,NODE-01,1.0,0.5,0.02,0.01,4.0,,,False,,,USB-Serial,-1,False,0
2026-09-28T10:33:40.849923,NODE-01,1.0,0.5,0.02,0.01,4.0,,,False,,,USB-Serial,-1,False,0
2026-09-28T10:33:42.044781,NODE-01,1.0,0.5,0.02,0.01,4.0,,,False,,,USB-Serial,-1,False,0
2026-09-28T10:33:43.240947,NODE-01,1.0,0.5,0.02,0.01,4.0,,,False,,,USB-Serial,-1,False,0
2026-09-28T10:33:44.423651,NODE-01,1.0,0.5,0.02,0.01,4.0,,,False,,,USB-Serial,-1,False,0
2026-09-28T10:33:45.615502,NODE-01,1.0,0.5,0.02,0.01,4.0,,,False,,,USB-Serial,-1,False,0
2026-09-28T10:33:46.812216,NODE-01,1.0,0.5,0.02,0.01,4.0,,,False,,,USB-Serial,-1,False,0
2026-09-28T10:33:48.016679,NODE-01,1.0,0.5,0.02,0.01,4.0,,,False,,,USB-Serial,-1,False,0
2026-09-28T10:33:49.208672,NODE-01,1.0,0.5,0.02,0.01,4.0,,,False,,,USB-Serial,-1,False,0
2026-09-28T10:33:50.395339,NODE-01,1.0,0.5,0.02,0.01,4.0,,,False,,,USB-Serial,-1,False,0
2026-09-28T10:33:51.593525,NODE-01,1.0,0.5,0.02,0.01,4.0,,,False,,,USB-Serial,-1,False,0
2026-09-28T10:33:52.786634,NODE-01,1.0,0.5,0.02,0.01,4.0,,,False,,,USB-Serial,-1,False,0
2026-09-28T10:33:53.983130,NODE-01,1.0,0.5,0.02,0.01,4.0,,,False,,,USB-Serial,-1,False,0
2026-09-28T10:33:55.182342,NODE-01,1.0,0.5,0.02,0.01,4.0,,,False,,,USB-Serial,-1,False,0
2026-09-28T10:33:56.369628,NODE-01,1.0,0.5,0.02,0.01,4.0,,,False,,,USB-Serial,-1,False,0
2026-09-28T10:33:57.556535,NODE-01,1.0,0.5,0.02,0.01,4.0,,,False,,,USB-Serial,-1,False,0
2026-09-28T10:33:58.749167,NODE-01,1.0,0.5,0.02,0.01,4.0,,,False,,,USB-Serial,-1,False,0
2026-09-28T10:33:59.936146,NODE-01,1.0,0.5,0.02,0.01,4.0,,,False,,,USB-Serial,-1,False,0
2026-09-28T10:34:01.132683,NODE-01,1.0,0.5,0.02,0.01,4.0,,,False,,,USB-Serial,-1,False,0
2026-09-28T10:34:02.324750,NODE-01,1.0,0.5,0.02,0.01,4.0,,,False,,,USB-Serial,-1,False,0
2026-09-28T10:34:03.555149,NODE-01,1.0,0.5,0.02,0.01,4.0,,,False,,,USB-Serial,-1,False,0
2026-09-28T10:34:04.770944,NODE-01,1.0,0.5,0.02,0.01,4.0,,,False,,,USB-Serial,-1,False,0
2026-09-28T10:37:06.569606,NODE-01,1.0,0.5,0.02,0.01,4.0,,,False,,,USB-Serial,-1,False,0
2026-09-28T10:37:07.611948,NODE-01,1.0,0.5,0.02,0.01,4.0,,,False,,,USB-Serial,-1,False,0
2026-09-28T10:37:08.640031,NODE-01,1.0,0.5,0.02,0.01,4.0,,,False,,,USB-Serial,-1,False,0
2026-09-28T10:37:09.666862,NODE-01,1.0,0.5,0.02,0.01,4.0,,,False,,,USB-Serial,-1,False,0
2026-09-28T10:37:10.696058,NODE-01,1.0,0.5,0.02,0.01,4.0,,,False,,,USB-Serial,-1,False,0
2026-09-28T10:37:11.740208,NODE-01,1.0,0.5,0.02,0.01,4.0,,,False,,,USB-Serial,-1,False,0
2026-09-28T10:37:12.777851,NODE-01,1.0,0.5,0.02,0.01,4.0,,,False,,,USB-Serial,-1,False,0
2026-09-28T10:37:13.907624,NODE-01,1.0,0.5,0.02,0.01,4.0,,,False,,,USB-Serial,-1,False,0
2026-09-28T10:37:15.102172,NODE-01,1.0,0.5,0.02,0.01,4.0,,,False,,,USB-Serial,-1,False,0
2026-09-28T10:37:16.295629,NODE-01,1.0,0.5,0.02,0.01,4.0,,,False,,,USB-Serial,-1,False,0
2026-09-28T10:37:17.494167,NODE-01,1.0,0.5,0.02,0.01,4.0,,,False,,,USB-Serial,-1,False,0
2026-09-28T10:37:18.683353,NODE-01,1.0,0.5,0.02,0.01,4.0,,,False,,,USB-Serial,-1,False,0
2026-09-28T10:37:19.872732,NODE-01,1.0,0.5,0.02,0.01,4.0,,,False,,,USB-Serial,-1,False,0
2026-09-28T10:37:21.055392,NODE-01,1.0,0.5,0.02,0.01,4.0,,,False,,,USB-Serial,-1,False,0
2026-09-28T10:37:22.270052,NODE-01,1.0,0.5,0.02,0.01,4.0,,,False,,,USB-Serial,-1,False,0
2026-09-28T10:37:23.459624,NODE-01,1.0,0.5,0.02,0.01,4.0,,,False,,,USB-Serial,-1,False,0
2026-09-28T10:37:24.666245,NODE-01,1.0,0.5,0.02,0.01,4.0,,,False,,,USB-Serial,-1,False,0
2026-09-28T10:37:25.855683,NODE-01,1.0,0.5,0.02,0.01,4.0,,,False,,,USB-Serial,-1,False,0
2026-09-28T10:37:27.060096,NODE-01,1.0,0.5,0.02,0.01,4.0,,,False,,,USB-Serial,-1,False,0
2026-09-28T10:37:28.244701,NODE-01,1.0,0.5,0.02,0.01,4.0,,,False,,,USB-Serial,-1,False,0
2026-09-28T10:37:29.424105,NODE-01,1.0,0.5,0.02,0.01,4.0,,,False,,,USB-Serial,-1,False,0
2026-09-28T10:37:30.615148,NODE-01,1.0,0.5,0.02,0.01,4.0,,,False,,,USB-Serial,-1,False,0
2026-09-28T10:37:31.800129,NODE-01,1.0,0.5,0.02,0.01,4.0,,,False,,,USB-Serial,-1,False,0
2026-09-28T10:37:32.990788,NODE-01,1.0,0.5,0.02,0.01,4.0,,,False,,,USB-Serial,-1,False,0
2026-09-28T10:37:34.178372,NODE-01,1.0,0.5,0.02,0.01,4.0,,,False,,,USB-Serial,-1,False,0
2026-09-28T10:37:35.397030,NODE-01,1.0,0.5,0.02,0.01,4.0,,,False,,,USB-Serial,-1,False,0
2026-09-28T10:37:36.604903,NODE-01,1.0,0.5,0.02,0.01,4.0,,,False,,,USB-Serial,-1,False,0
2026-09-28T10:37:37.800397,NODE-01,1.0,0.5,0.02,0.01,4.0,,,False,,,USB-Serial,-1,False,0
2026-09-28T10:37:39.005066,NODE-01,1.0,0.5,0.02,0.01,4.0,,,False,,,USB-Serial,-1,False,0
2026-09-28T10:37:40.204817,NODE-01,1.0,0.5,0.02,0.01,4.0,,,False,,,USB-Serial,-1,False,0
2026-09-28T10:37:41.393284,NODE-01,1.0,0.5,0.02,0.01,4.0,,,False,,,USB-Serial,-1,False,0
2026-09-28T10:37:42.597856,NODE-01,1.0,0.5,0.02,0.01,4.0,,,False,,,USB-Serial,-1,False,0
2026-09-28T10:37:43.786099,NODE-01,1.0,0.5,0.02,0.01,4.0,,,False,,,USB-Serial,-1,False,0
2026-09-28T10:37:44.968853,NODE-01,1.0,0.5,0.02,0.01,4.0,,,False,,,USB-Serial,-1,False,0
2026-09-28T10:37:46.158711,NODE-01,1.0,0.5,0.02,0.01,4.0,,,False,,,USB-Serial,-1,False,0
2026-09-28T10:37:47.343255,NODE-01,1.0,0.5,0.02,0.01,4.0,,,False,,,USB-Serial,-1,False,0
2026-09-28T10:37:48.524869,NODE-01,1.0,0.5,0.02,0.01,4.0,,,False,,,USB-Serial,-1,False,0
2026-09-28T10:37:49.746315,NODE-01,1.0,0.5,0.02,0.01,4.0,,,False,,,USB-Serial,-1,False,0
2026-09-28T10:37:50.932853,NODE-01,1.0,0.5,0.02,0.01,4.0,,,False,,,USB-Serial,-1,False,0
2026-09-28T10:37:52.144712,NODE-01,1.0,0.5,0.02,0.01,4.0,,,False,,,USB-Serial,-1,False,0
2026-09-28T10:37:53.331521,NODE-01,1.0,0.5,0.02,0.01,4.0,,,False,,,USB-Serial,-1,False,0
2026-09-28T10:37:54.526846,NODE-01,1.0,0.5,0.02,0.01,4.0,,,False,,,USB-Serial,-1,False,0
2026-09-28T10:37:55.711971,NODE-01,1.0,0.5,0.02,0.01,4.0,,,False,,,USB-Serial,-1,False,0
2026-09-28T10:37:56.911808,NODE-01,1.0,0.5,0.02,0.01,4.0,,,False,,,USB-Serial,-1,False,0
2026-09-28T10:37:58.096181,NODE-01,1.0,0.5,0.02,0.01,4.0,,,False,,,USB-Serial,-1,False,0
2026-09-28T10:37:59.289507,NODE-01,1.0,0.5,0.02,0.01,4.0,,,False,,,USB-Serial,-1,False,0
2026-09-28T10:38:00.471879,NODE-01,1.0,0.5,0.02,0.01,4.0,,,False,,,USB-Serial,-1,False,0
2026-09-28T10:38:01.676004,NODE-01,1.0,0.5,0.02,0.01,4.0,,,False,,,USB-Serial,-1,False,0
2026-09-28T10:38:02.862493,NODE-01,1.0,0.5,0.02,0.01,4.0,,,False,,,USB-Serial,-1,False,0
2026-09-28T10:38:04.058898,NODE-01,1.0,0.5,0.02,0.01,4.0,,,False,,,USB-Serial,-1,False,0
2026-09-28T10:38:05.165945,NODE-01,1.0,0.5,0.02,0.01,4.0,,,False,,,USB-Serial,-1,False,0
2026-09-28T10:38:06.267712,NODE-01,1.0,0.5,0.02,0.01,4.0,,,False,,,USB-Serial,-1,False,0
2026-09-28T10:38:07.368639,NODE-01,1.0,0.5,0.02,0.01,4.0,,,False,,,USB-Serial,-1,False,0
2026-09-28T10:38:08.469218,NODE-01,1.0,0.5,0.02,0.01,4.0,,,False,,,USB-Serial,-1,False,0
2026-09-28T10:38:09.573288,NODE-01,1.0,0.5,0.02,0.01,4.0,,,False,,,USB-Serial,-1,False,0
2026-09-28T10:38:10.679658,NODE-01,1.0,0.5,0.02,0.01,4.0,,,False,,,USB-Serial,-1,False,0
2026-09-28T10:38:11.786097,NODE-01,1.0,0.5,0.02,0.01,4.0,,,False,,,USB-Serial,-1,False,0
2026-09-28T10:38:12.906350,NODE-01,1.0,0.5,0.02,0.01,4.0,,,False,,,USB-Serial,-1,False,0
2026-09-28T10:38:14.012795,NODE-01,1.0,0.5,0.02,0.01,4.0,,,False,,,USB-Serial,-1,False,0
2026-09-28T10:38:15.119811,NODE-01,1.0,0.5,0.02,0.01,4.0,,,False,,,USB-Serial,-1,False,0
2026-09-28T10:38:16.223342,NODE-01,1.0,0.5,0.02,0.01,4.0,,,False,,,USB-Serial,-1,False,0
2026-09-28T10:38:17.323835,NODE-01,1.0,0.5,0.02,0.01,4.0,,,False,,,USB-Serial,-1,False,0
2026-09-28T10:38:18.426946,NODE-01,1.0,0.5,0.02,0.01,4.0,,,False,,,USB-Serial,-1,False,0
2026-09-28T10:38:19.528669,NODE-01,1.0,0.5,0.02,0.01,4.0,,,False,,,USB-Serial,-1,False,0
2026-09-28T10:38:20.633691,NODE-01,1.0,0.5,0.02,0.01,4.0,,,False,,,USB-Serial,-1,False,0
2026-09-28T10:38:21.734013,NODE-01,1.0,0.5,0.02,0.01,4.0,,,False,,,USB-Serial,-1,False,0
2026-09-28T10:38:22.855497,NODE-01,1.0,0.5,0.02,0.01,4.0,,,False,,,USB-Serial,-1,False,0
2026-09-28T10:38:23.988003,NODE-01,1.0,0.5,0.02,0.01,4.0,,,False,,,USB-Serial,-1,False,0
2026-09-28T10:38:25.085994,NODE-01,1.0,0.5,0.02,0.01,4.0,,,False,,,USB-Serial,-1,False,0
2026-09-28T10:38:26.206652,NODE-01,1.0,0.5,0.02,0.01,4.0,,,False,,,USB-Serial,-1,False,0
2026-09-28T10:38:27.311166,NODE-01,1.0,0.5,0.02,0.01,4.0,,,False,,,USB-Serial,-1,False,0
2026-09-28T10:38:28.412060,NODE-01,1.0,0.5,0.02,0.01,4.0,,,False,,,USB-Serial,-1,False,0
2026-09-28T10:38:29.514357,NODE-01,1.0,0.5,0.02,0.01,4.0,,,False,,,USB-Serial,-1,False,0
2026-09-28T10:38:30.622977,NODE-01,1.0,0.5,0.02,0.01,4.0,,,False,,,USB-Serial,-1,False,0
2026-09-28T10:38:31.723426,NODE-01,1.0,0.5,0.02,0.01,4.0,,,False,,,USB-Serial,-1,False,0
2026-09-28T10:38:32.830859,NODE-01,1.0,0.5,0.02,0.01,4.0,,,False,,,USB-Serial,-1,False,0
2026-09-28T10:38:33.981139,NODE-01,1.0,0.5,0.02,0.01,4.0,,,False,,,USB-Serial,-1,False,0
2026-09-28T10:38:35.089652,NODE-01,1.0,0.5,0.02,0.01,4.0,,,False,,,USB-Serial,-1,False,0
2026-09-28T10:38:36.242821,NODE-01,1.0,0.5,0.02,0.01,4.0,,,False,,,USB-Serial,-1,False,0
2026-09-28T10:38:37.356179,NODE-01,1.0,0.5,0.02,0.01,4.0,,,False,,,USB-Serial,-1,False,0
2026-09-28T10:38:38.460235,NODE-01,1.0,0.5,0.02,0.01,4.0,,,False,,,USB-Serial,-1,False,0
2026-09-28T10:38:39.568502,NODE-01,1.0,0.5,0.02,0.01,4.0,,,False,,,USB-Serial,-1,False,0
2026-09-28T10:38:40.671131,NODE-01,1.0,0.5,0.02,0.01,4.0,,,False,,,USB-Serial,-1,False,0
2026-09-28T10:38:41.806159,NODE-01,1.0,0.5,0.02,0.01,4.0,,,False,,,USB-Serial,-1,False,0
2026-09-28T10:38:42.911860,NODE-01,1.0,0.5,0.02,0.01,4.0,,,False,,,USB-Serial,-1,False,0
2026-09-28T10:38:44.016494,NODE-01,1.0,0.5,0.02,0.01,4.0,,,False,,,USB-Serial,-1,False,0
2026-09-28T10:38:45.114514,NODE-01,1.0,0.5,0.02,0.01,4.0,,,False,,,USB-Serial,-1,False,0
2026-09-28T10:38:46.214626,NODE-01,1.0,0.5,0.02,0.01,4.0,,,False,,,USB-Serial,-1,False,0
2026-09-28T10:38:47.317558,NODE-01,1.0,0.5,0.02,0.01,4.0,,,False,,,USB-Serial,-1,False,0
2026-09-28T10:38:48.422309,NODE-01,1.0,0.5,0.02,0.01,4.0,,,False,,,USB-Serial,-1,False,0
2026-09-28T10:38:49.531075,NODE-01,1.0,0.5,0.02,0.01,4.0,,,False,,,USB-Serial,-1,False,0
2026-09-28T10:38:50.627129,NODE-01,1.0,0.5,0.02,0.01,4.0,,,False,,,USB-Serial,-1,False,0
2026-09-28T10:38:51.730568,NODE-01,1.0,0.5,0.02,0.01,4.0,,,False,,,USB-Serial,-1,False,0
2026-09-28T10:38:52.831639,NODE-01,1.0,0.5,0.02,0.01,4.0,,,False,,,USB-Serial,-1,False,0
2026-09-28T10:38:53.928984,NODE-01,1.0,0.5,0.02,0.01,4.0,,,False,,,USB-Serial,-1,False,0
2026-09-28T10:38:55.034627,NODE-01,1.0,0.5,0.02,0.01,4.0,,,False,,,USB-Serial,-1,False,0
2026-09-28T10:38:56.136363,NODE-01,1.0,0.5,0.02,0.01,4.0,,,False,,,USB-Serial,-1,False,0
2026-09-28T10:38:57.238507,NODE-01,1.0,0.5,0.02,0.01,4.0,,,False,,,USB-Serial,-1,False,0
2026-09-28T10:38:58.345766,NODE-01,1.0,0.5,0.02,0.01,4.0,,,False,,,USB-Serial,-1,False,0
2026-09-28T10:38:59.463915,NODE-01,1.0,0.5,0.02,0.01,4.0,,,False,,,USB-Serial,-1,False,0
2026-09-28T10:39:00.568632,NODE-01,1.0,0.5,0.02,0.01,4.0,,,False,,,USB-Serial,-1,False,0
2026-09-28T10:39:01.668579,NODE-01,1.0,0.5,0.02,0.01,4.0,,,False,,,USB-Serial,-1,False,0
2026-09-28T10:39:02.770734,NODE-01,1.0,0.5,0.02,0.01,4.0,,,False,,,USB-Serial,-1,False,0
2026-09-28T10:39:03.893682,NODE-01,1.0,0.5,0.02,0.01,4.0,,,False,,,USB-Serial,-1,False,0
2026-09-28T10:39:05.031089,NODE-01,1.0,0.5,0.02,0.01,4.0,,,False,,,USB-Serial,-1,False,0
2026-09-28T10:39:06.141922,NODE-01,1.0,0.5,0.02,0.01,4.0,,,False,,,USB-Serial,-1,False,0
2026-09-28T10:39:07.246305,NODE-01,1.0,0.5,0.02,0.01,4.0,,,False,,,USB-Serial,-1,False,0
2026-09-28T10:39:08.354172,NODE-01,1.0,0.5,0.02,0.01,4.0,,,False,,,USB-Serial,-1,False,0
2026-09-28T10:39:09.456073,NODE-01,1.0,0.5,0.02,0.01,4.0,,,False,,,USB-Serial,-1,False,0
2026-09-28T10:39:10.555526,NODE-01,1.0,0.5,0.02,0.01,4.0,,,False,,,USB-Serial,-1,False,0
2026-09-28T10:39:11.659144,NODE-01,1.0,0.5,0.02,0.01,4.0,,,False,,,USB-Serial,-1,False,0
2026-09-28T10:39:12.761345,NODE-01,1.0,0.5,0.02,0.01,4.0,,,False,,,USB-Serial,-1,False,0
2026-09-28T10:39:13.866709,NODE-01,1.0,0.5,0.02,0.01,4.0,,,False,,,USB-Serial,-1,False,0
2026-09-28T10:39:14.966327,NODE-01,1.0,0.5,0.02,0.01,4.0,,,False,,,USB-Serial,-1,False,0
2026-09-28T10:39:16.081220,NODE-01,1.0,0.5,0.02,0.01,4.0,,,False,,,USB-Serial,-1,False,0
2026-09-28T10:39:17.186191,NODE-01,1.0,0.5,0.02,0.01,4.0,,,False,,,USB-Serial,-1,False,0
2026-09-28T10:39:18.285707,NODE-01,1.0,0.5,0.02,0.01,4.0,,,False,,,USB-Serial,-1,False,0
2026-09-28T10:39:19.384879,NODE-01,1.0,0.5,0.02,0.01,4.0,,,False,,,USB-Serial,-1,False,0
2026-09-28T10:39:20.486697,NODE-01,1.0,0.5,0.02,0.01,4.0,,,False,,,USB-Serial,-1,False,0
2026-09-28T10:39:21.594207,NODE-01,1.0,0.5,0.02,0.01,4.0,,,False,,,USB-Serial,-1,False,0
2026-09-28T10:39:22.734589,NODE-01,1.0,0.5,0.02,0.01,4.0,,,False,,,USB-Serial,-1,False,0
2026-09-28T10:39:23.835963,NODE-01,1.0,0.5,0.02,0.01,4.0,,,False,,,USB-Serial,-1,False,0
2026-09-28T10:39:24.947027,NODE-01,1.0,0.5,0.02,0.01,4.0,,,False,,,USB-Serial,-1,False,0
2026-09-28T10:39:26.052220,NODE-01,1.0,0.5,0.02,0.01,4.0,,,False,,,USB-Serial,-1,False,0
2026-09-28T10:39:27.155260,NODE-01,1.0,0.5,0.02,0.01,4.0,,,False,,,USB-Serial,-1,False,0
2026-09-28T10:39:28.255152,NODE-01,1.0,0.5,0.02,0.01,4.0,,,False,,,USB-Serial,-1,False,0
2026-09-28T10:39:29.356844,NODE-01,1.0,0.5,0.02,0.01,4.0,,,False,,,USB-Serial,-1,False,0
2026-09-28T10:39:30.460532,NODE-01,1.0,0.5,0.02,0.01,4.0,,,False,,,USB-Serial,-1,False,0
2026-09-28T10:39:31.561506,NODE-01,1.0,0.5,0.02,0.01,4.0,,,False,,,USB-Serial,-1,False,0
2026-09-28T10:39:32.663408,NODE-01,1.0,0.5,0.02,0.01,4.0,,,False,,,USB-Serial,-1,False,0
2026-09-28T10:39:33.780202,NODE-01,1.0,0.5,0.02,0.01,4.0,,,False,,,USB-Serial,-1,False,0
2026-09-28T10:39:34.888573,NODE-01,1.0,0.5,0.02,0.01,4.0,,,False,,,USB-Serial,-1,False,0
2026-09-28T10:39:36.010919,NODE-01,1.0,0.5,0.02,0.01,4.0,,,False,,,USB-Serial,-1,False,0
2026-09-28T10:39:37.117121,NODE-01,1.0,0.5,0.02,0.01,4.0,,,False,,,USB-Serial,-1,False,0
2026-09-28T10:39:38.220264,NODE-01,1.0,0.5,0.02,0.01,4.0,,,False,,,USB-Serial,-1,False,0
2026-09-28T10:39:39.327892,NODE-01,1.0,0.5,0.02,0.01,4.0,,,False,,,USB-Serial,-1,False,0
2026-09-28T10:39:40.433532,NODE-01,1.0,0.5,0.02,0.01,4.0,,,False,,,USB-Serial,-1,False,0
2026-09-28T10:39:41.539857,NODE-01,1.0,0.5,0.02,0.01,4.0,,,False,,,USB-Serial,-1,False,0
2026-09-28T10:39:42.687382,NODE-01,1.0,0.5,0.02,0.01,4.0,,,False,,,USB-Serial,-1,False,0
2026-09-28T10:39:43.794975,NODE-01,1.0,0.5,0.02,0.01,4.0,,,False,,,USB-Serial,-1,False,0
2026-09-28T10:39:44.898226,NODE-01,1.0,0.5,0.02,0.01,4.0,,,False,,,USB-Serial,-1,False,0
2026-09-28T10:39:46.005960,NODE-01,1.0,0.5,0.02,0.01,4.0,,,False,,,USB-Serial,-1,False,0
2026-09-28T10:39:47.127194,NODE-01,1.0,0.5,0.02,0.01,4.0,,,False,,,USB-Serial,-1,False,0
2026-09-28T10:39:48.225205,NODE-01,1.0,0.5,0.02,0.01,4.0,,,False,,,USB-Serial,-1,False,0
2026-09-28T10:39:49.375248,NODE-01,1.0,0.5,0.02,0.01,4.0,,,False,,,USB-Serial,-1,False,0
2026-09-28T10:39:50.482272,NODE-01,1.0,0.5,0.02,0.01,4.0,,,False,,,USB-Serial,-1,False,0
2026-09-28T10:39:51.585028,NODE-01,1.0,0.5,0.02,0.01,4.0,,,False,,,USB-Serial,-1,False,0
2026-09-28T10:39:52.685306,NODE-01,1.0,0.5,0.02,0.01,4.0,,,False,,,USB-Serial,-1,False,0
2026-09-28T10:39:53.790397,NODE-01,1.0,0.5,0.02,0.01,4.0,,,False,,,USB-Serial,-1,False,0
2026-09-28T10:39:54.890869,NODE-01,1.0,0.5,0.02,0.01,4.0,,,False,,,USB-Serial,-1,False,0
2026-09-28T10:39:56.000850,NODE-01,1.0,0.5,0.02,0.01,4.0,,,False,,,USB-Serial,-1,False,0
2026-09-28T10:39:57.098177,NODE-01,1.0,0.5,0.02,0.01,4.0,,,False,,,USB-Serial,-1,False,0
2026-09-28T10:39:58.194535,NODE-01,1.0,0.5,0.02,0.01,4.0,,,False,,,USB-Serial,-1,False,0
2026-09-28T10:39:59.293576,NODE-01,1.0,0.5,0.02,0.01,4.0,,,False,,,USB-Serial,-1,False,0
2026-09-28T10:40:00.395798,NODE-01,1.0,0.5,0.02,0.01,4.0,,,False,,,USB-Serial,-1,False,0
2026-09-28T10:40:01.499324,NODE-01,1.0,0.5,0.02,0.01,4.0,,,False,,,USB-Serial,-1,False,0
2026-09-28T10:40:02.597096,NODE-01,1.0,0.5,0.02,0.01,4.0,,,False,,,USB-Serial,-1,False,0
2026-09-28T10:40:03.696776,NODE-01,1.0,0.5,0.02,0.01,4.0,,,False,,,USB-Serial,-1,False,0
2026-09-28T10:40:04.793253,NODE-01,1.0,0.5,0.02,0.01,4.0,,,False,,,USB-Serial,-1,False,0
2026-09-28T10:40:05.898206,NODE-01,1.0,0.5,0.02,0.01,4.0,,,False,,,USB-Serial,-1,False,0
2026-09-28T10:40:07.010815,NODE-01,1.0,0.5,0.02,0.01,4.0,,,False,,,USB-Serial,-1,False,0
2026-09-28T10:40:08.111633,NODE-01,1.0,0.5,0.02,0.01,4.0,,,False,,,USB-Serial,-1,False,0
2026-09-28T10:40:09.210492,NODE-01,1.0,0.5,0.02,0.01,4.0,,,False,,,USB-Serial,-1,False,0
2026-09-28T10:40:10.311859,NODE-01,1.0,0.5,0.02,0.01,4.0,,,False,,,USB-Serial,-1,False,0
2026-09-28T10:40:11.432646,NODE-01,1.0,0.5,0.02,0.01,4.0,,,False,,,USB-Serial,-1,False,0
2026-09-28T10:40:12.541768,NODE-01,1.0,0.5,0.02,0.01,4.0,,,False,,,USB-Serial,-1,False,0
2026-09-28T10:40:13.642835,NODE-01,1.0,0.5,0.02,0.01,4.0,,,False,,,USB-Serial,-1,False,0
2026-09-28T10:40:14.750231,NODE-01,1.0,0.5,0.02,0.01,4.0,,,False,,,USB-Serial,-1,False,0
2026-09-28T10:40:15.854166,NODE-01,1.0,0.5,0.02,0.01,4.0,,,False,,,USB-Serial,-1,False,0
2026-09-28T10:40:16.954699,NODE-01,1.0,0.5,0.02,0.01,4.0,,,False,,,USB-Serial,-1,False,0
2026-09-28T10:40:18.062898,NODE-01,1.0,0.5,0.02,0.01,4.0,,,False,,,USB-Serial,-1,False,0
2026-09-28T10:40:19.171168,NODE-01,1.0,0.5,0.02,0.01,4.0,,,False,,,USB-Serial,-1,False,0
2026-09-28T10:40:20.271343,NODE-01,1.0,0.5,0.02,0.01,4.0,,,False,,,USB-Serial,-1,False,0
2026-09-28T10:40:21.410416,NODE-01,1.0,0.5,0.02,0.01,4.0,,,False,,,USB-Serial,-1,False,0
2026-09-28T10:40:22.512214,NODE-01,1.0,0.5,0.02,0.01,4.0,,,False,,,USB-Serial,-1,False,0
2026-09-28T10:40:23.615099,NODE-01,1.0,0.5,0.02,0.01,4.0,,,False,,,USB-Serial,-1,False,0
2026-09-28T10:40:24.735136,NODE-01,1.0,0.5,0.02,0.01,4.0,,,False,,,USB-Serial,-1,False,0
2026-09-28T10:40:25.838277,NODE-01,1.0,0.5,0.02,0.01,4.0,,,False,,,USB-Serial,-1,False,0
2026-09-28T10:40:26.958821,NODE-01,1.0,0.5,0.02,0.01,4.0,,,False,,,USB-Serial,-1,False,0
2026-09-28T10:40:28.060290,NODE-01,1.0,0.5,0.02,0.01,4.0,,,False,,,USB-Serial,-1,False,0
2026-09-28T10:40:29.168823,NODE-01,1.0,0.5,0.02,0.01,4.0,,,False,,,USB-Serial,-1,False,0
2026-09-28T10:40:30.271606,NODE-01,1.0,0.5,0.02,0.01,4.0,,,False,,,USB-Serial,-1,False,0
2026-09-28T10:40:31.388911,NODE-01,1.0,0.5,0.02,0.01,4.0,,,False,,,USB-Serial,-1,False,0
2026-09-28T10:40:32.491063,NODE-01,1.0,0.5,0.02,0.01,4.0,,,False,,,USB-Serial,-1,False,0
2026-09-28T10:40:33.614859,NODE-01,1.0,0.5,0.02,0.01,4.0,,,False,,,USB-Serial,-1,False,0
2026-09-28T10:40:34.719398,NODE-01,1.0,0.5,0.02,0.01,4.0,,,False,,,USB-Serial,-1,False,0
2026-09-28T10:40:35.834980,NODE-01,1.0,0.5,0.02,0.01,4.0,,,False,,,USB-Serial,-1,False,0
2026-09-28T10:40:36.942187,NODE-01,1.0,0.5,0.02,0.01,4.0,,,False,,,USB-Serial,-1,False,0
2026-09-28T10:40:38.051180,NODE-01,1.0,0.5,0.02,0.01,4.0,,,False,,,USB-Serial,-1,False,0
2026-09-28T10:40:39.153085,NODE-01,1.0,0.5,0.02,0.01,4.0,,,False,,,USB-Serial,-1,False,0
2026-09-28T10:40:40.259526,NODE-01,1.0,0.5,0.02,0.01,4.0,,,False,,,USB-Serial,-1,False,0
2026-09-28T10:40:41.361073,NODE-01,1.0,0.5,0.02,0.01,4.0,,,False,,,USB-Serial,-1,False,0
2026-09-28T10:40:42.462663,NODE-01,1.0,0.5,0.02,0.01,4.0,,,False,,,USB-Serial,-1,False,0
2026-09-28T10:40:43.564320,NODE-01,1.0,0.5,0.02,0.01,4.0,,,False,,,USB-Serial,-1,False,0
2026-09-28T10:40:44.668473,NODE-01,1.0,0.5,0.02,0.01,4.0,,,False,,,USB-Serial,-1,False,0
2026-09-28T10:40:45.779510,NODE-01,1.0,0.5,0.02,0.01,4.0,,,False,,,USB-Serial,-1,False,0
2026-09-28T10:40:46.882409,NODE-01,1.0,0.5,0.02,0.01,4.0,,,False,,,USB-Serial,-1,False,0
2026-09-28T10:40:47.990484,NODE-01,1.0,0.5,0.02,0.01,4.0,,,False,,,USB-Serial,-1,False,0
2026-09-28T10:40:49.094232,NODE-01,1.0,0.5,0.02,0.01,4.0,,,False,,,USB-Serial,-1,False,0
2026-09-28T10:40:50.205475,NODE-01,1.0,0.5,0.02,0.01,4.0,,,False,,,USB-Serial,-1,False,0
2026-09-28T10:40:51.382046,NODE-01,1.0,0.5,0.02,0.01,4.0,,,False,,,USB-Serial,-1,False,0
2026-09-28T10:40:52.485988,NODE-01,1.0,0.5,0.02,0.01,4.0,,,False,,,USB-Serial,-1,False,0
2026-09-28T10:40:53.617053,NODE-01,1.0,0.5,0.02,0.01,4.0,,,False,,,USB-Serial,-1,False,0
2026-09-28T10:40:54.726672,NODE-01,1.0,0.5,0.02,0.01,4.0,,,False,,,USB-Serial,-1,False,0
2026-09-28T10:40:55.827399,NODE-01,1.0,0.5,0.02,0.01,4.0,,,False,,,USB-Serial,-1,False,0
2026-09-28T10:40:56.936142,NODE-01,1.0,0.5,0.02,0.01,4.0,,,False,,,USB-Serial,-1,False,0
2026-09-28T10:40:58.037784,NODE-01,1.0,0.5,0.02,0.01,4.0,,,False,,,USB-Serial,-1,False,0
2026-09-28T10:40:59.137235,NODE-01,1.0,0.5,0.02,0.01,4.0,,,False,,,USB-Serial,-1,False,0
2026-09-28T10:41:00.237421,NODE-01,1.0,0.5,0.02,0.01,4.0,,,False,,,USB-Serial,-1,False,0
2026-09-28T10:41:01.343626,NODE-01,1.0,0.5,0.02,0.01,4.0,,,False,,,USB-Serial,-1,False,0
2026-09-28T10:41:02.464571,NODE-01,1.0,0.5,0.02,0.01,4.0,,,False,,,USB-Serial,-1,False,0
2026-09-28T10:41:03.556739,NODE-01,1.0,0.5,0.02,0.01,4.0,,,False,,,USB-Serial,-1,False,0
2026-09-28T10:41:04.658279,NODE-01,1.0,0.5,0.02,0.01,4.0,,,False,,,USB-Serial,-1,False,0
2026-09-28T10:41:05.893700,NODE-01,1.0,0.5,0.02,0.01,4.0,,,False,,,USB-Serial,-1,False,0
2026-09-28T10:41:07.061112,NODE-01,1.0,0.5,0.02,0.01,4.0,,,False,,,USB-Serial,-1,False,0
2026-09-28T10:41:08.215644,NODE-01,1.0,0.5,0.02,0.01,4.0,,,False,,,USB-Serial,-1,False,0
2026-09-28T10:41:09.318238,NODE-01,1.0,0.5,0.02,0.01,4.0,,,False,,,USB-Serial,-1,False,0
2026-09-28T10:41:10.539534,NODE-01,1.0,0.5,0.02,0.01,4.0,,,False,,,USB-Serial,-1,False,0
2026-09-28T10:41:11.678471,NODE-01,1.0,0.5,0.02,0.01,4.0,,,False,,,USB-Serial,-1,False,0
2026-09-28T10:41:12.809226,NODE-01,1.0,0.5,0.02,0.01,4.0,,,False,,,USB-Serial,-1,False,0
2026-09-28T10:41:13.961663,NODE-01,1.0,0.5,0.02,0.01,4.0,,,False,,,USB-Serial,-1,False,0
2026-09-28T10:41:15.205114,NODE-01,1.0,0.5,0.02,0.01,4.0,,,False,,,USB-Serial,-1,False,0
2026-09-28T10:41:16.326054,NODE-01,1.0,0.5,0.02,0.01,4.0,,,False,,,USB-Serial,-1,False,0
2026-09-28T10:41:17.454926,NODE-01,1.0,0.5,0.02,0.01,4.0,,,False,,,USB-Serial,-1,False,0
2026-09-29T03:59:18.220451,NODE-01,1.0,0.5,0.02,0.01,4.0,,,False,,,USB-Serial,-1,False,0
2026-09-29T03:59:19.242339,NODE-01,1.0,0.5,0.02,0.01,4.0,,,False,,,USB-Serial,-1,False,0
2026-09-29T03:59:20.293944,NODE-01,1.0,0.5,0.02,0.01,4.0,,,False,,,USB-Serial,-1,False,0
2026-09-29T03:59:21.545746,NODE-01,1.0,0.5,0.02,0.01,4.0,,,False,,,USB-Serial,-1,False,0
2026-09-29T03:59:22.711447,NODE-01,1.0,0.5,0.02,0.01,4.0,,,False,,,USB-Serial,-1,False,0
2026-09-29T03:59:23.872294,NODE-01,1.0,0.5,0.02,0.01,4.0,,,False,,,USB-Serial,-1,False,0
2026-09-29T03:59:25.039619,NODE-01,1.0,0.5,0.02,0.01,4.0,,,False,,,USB-Serial,-1,False,0
2026-09-29T03:59:26.199386,NODE-01,1.0,0.5,0.02,0.01,4.0,,,False,,,USB-Serial,-1,False,0
2026-09-29T03:59:27.364275,NODE-01,1.0,0.5,0.02,0.01,4.0,,,False,,,USB-Serial,-1,False,0
2026-09-29T03:59:28.557899,NODE-01,1.0,0.5,0.02,0.01,4.0,,,False,,,USB-Serial,-1,False,0
2026-09-29T03:59:29.734379,NODE-01,1.0,0.5,0.02,0.01,4.0,,,False,,,USB-Serial,-1,False,0
2026-09-29T03:59:30.901882,NODE-01,1.0,0.5,0.02,0.01,4.0,,,False,,,USB-Serial,-1,False,0
2026-09-29T03:59:32.062708,NODE-01,1.0,0.5,0.02,0.01,4.0,,,False,,,USB-Serial,-1,False,0
2026-09-29T03:59:33.301168,NODE-01,1.0,0.5,0.02,0.01,4.0,,,False,,,USB-Serial,-1,False,0
2026-09-29T03:59:34.466929,NODE-01,1.0,0.5,0.02,0.01,4.0,,,False,,,USB-Serial,-1,False,0
2026-09-29T03:59:35.624900,NODE-01,1.0,0.5,0.02,0.01,4.0,,,False,,,USB-Serial,-1,False,0
2026-09-29T03:59:36.780973,NODE-01,1.0,0.5,0.02,0.01,4.0,,,False,,,USB-Serial,-1,False,0
2026-09-29T03:59:37.933388,NODE-01,1.0,0.5,0.02,0.01,4.0,,,False,,,USB-Serial,-1,False,0
2026-09-29T03:59:39.097154,NODE-01,1.0,0.5,0.02,0.01,4.0,,,False,,,USB-Serial,-1,False,0
2026-09-29T03:59:40.253993,NODE-01,1.0,0.5,0.02,0.01,4.0,,,False,,,USB-Serial,-1,False,0
2026-09-29T03:59:41.408775,NODE-01,1.0,0.5,0.02,0.01,4.0,,,False,,,USB-Serial,-1,False,0
2026-09-29T03:59:42.572680,NODE-01,1.0,0.5,0.02,0.01,4.0,,,False,,,USB-Serial,-1,False,0
2026-09-29T03:59:43.894814,NODE-01,1.0,0.5,0.02,0.01,4.0,,,False,,,USB-Serial,-1,False,0
2026-09-29T03:59:45.098500,NODE-01,1.0,0.5,0.02,0.01,4.0,,,False,,,USB-Serial,-1,False,0
2026-09-29T03:59:46.438314,NODE-01,1.0,0.5,0.02,0.01,4.0,,,False,,,USB-Serial,-1,False,0
2026-09-29T03:59:47.640525,NODE-01,1.0,0.5,0.02,0.01,4.0,,,False,,,USB-Serial,-1,False,0
2026-09-29T03:59:48.882014,NODE-01,1.0,0.5,0.02,0.01,4.0,,,False,,,USB-Serial,-1,False,0
2026-09-29T03:59:50.053920,NODE-01,1.0,0.5,0.02,0.01,4.0,,,False,,,USB-Serial,-1,False,0
2026-09-29T03:59:51.369328,NODE-01,1.0,0.5,0.02,0.01,4.0,,,False,,,USB-Serial,-1,False,0
2026-09-29T03:59:52.523349,NODE-01,1.0,0.5,0.02,0.01,4.0,,,False,,,USB-Serial,-1,False,0
2026-09-29T03:59:53.752463,NODE-01,1.0,0.5,0.02,0.01,4.0,,,False,,,USB-Serial,-1,False,0
2026-09-29T03:59:54.924514,NODE-01,1.0,0.5,0.02,0.01,4.0,,,False,,,USB-Serial,-1,False,0
2026-09-29T03:59:56.109171,NODE-01,1.0,0.5,0.02,0.01,4.0,,,False,,,USB-Serial,-1,False,0
2026-09-29T03:59:57.268130,NODE-01,1.0,0.5,0.02,0.01,4.0,,,False,,,USB-Serial,-1,False,0
2026-09-29T03:59:58.458982,NODE-01,1.0,0.5,0.02,0.01,4.0,,,False,,,USB-Serial,-1,False,0
2026-09-29T03:59:59.636557,NODE-01,1.0,0.5,0.02,0.01,4.0,,,False,,,USB-Serial,-1,False,0
